{"v":"5.11.0","fr":25,"ip":0,"op":25,"w":16,"h":16,"nm":"loading","ddd":0,"assets":[],"layers":[{"ddd":0,"ind":1,"ty":4,"nm":"“ico_loading1”轮廓","sr":1,"ks":{"o":{"a":0,"k":100,"ix":11},"r":{"a":1,"k":[{"i":{"x":[0.833],"y":[0.833]},"o":{"x":[0.167],"y":[0.167]},"t":0,"s":[0]},{"t":25,"s":[360]}],"ix":10},"p":{"a":0,"k":[8,8,0],"ix":2,"l":2},"a":{"a":0,"k":[8,8,0],"ix":1,"l":2},"s":{"a":0,"k":[100,100,100],"ix":6,"l":2}},"ao":0,"shapes":[{"ty":"gr","it":[{"ind":0,"ty":"sh","ix":1,"ks":{"a":0,"k":{"i":[[-1.105,0],[0,-1.105],[1.105,0],[0,1.105]],"o":[[1.105,0],[0,1.105],[-1.105,0],[0,-1.105]],"v":[[0,-6.8],[2,-4.8],[0,-2.8],[-2,-4.8]],"c":true},"ix":2},"nm":"路径 1","mn":"ADBE Vector Shape - Group","hd":false},{"ind":1,"ty":"sh","ix":2,"ks":{"a":0,"k":{"i":[[-1.397,1.244],[0,0],[0,-1.562],[-2.982,0],[0,2.982],[1.143,1.019],[0,0],[0,-1.907],[3.645,0],[0,3.645]],"o":[[0,0],[-1.144,1.019],[0,2.982],[2.982,0],[0,-1.561],[0,0],[1.395,1.244],[0,3.645],[-3.645,0],[0,-1.908]],"v":[[-4.388,-4.73],[-3.59,-3.834],[-5.4,0.2],[0,5.6],[5.4,0.2],[3.592,-3.832],[4.391,-4.727],[6.6,0.2],[0,6.8],[-6.6,0.2]],"c":true},"ix":2},"nm":"路径 2","mn":"ADBE Vector Shape - Group","hd":false},{"ty":"mm","mm":1,"nm":"合并路径 1","mn":"ADBE Vector Filter - Merge","hd":false},{"ty":"fl","c":{"a":0,"k":[1,1,1,1],"ix":4},"o":{"a":0,"k":100,"ix":5},"r":1,"bm":0,"nm":"填充 1","mn":"ADBE Vector Graphic - Fill","hd":false},{"ty":"tr","p":{"a":0,"k":[8,7.8],"ix":2},"a":{"a":0,"k":[0,0],"ix":1},"s":{"a":0,"k":[100,100],"ix":3},"r":{"a":0,"k":0,"ix":6},"o":{"a":0,"k":100,"ix":7},"sk":{"a":0,"k":0,"ix":4},"sa":{"a":0,"k":0,"ix":5},"nm":"变换"}],"nm":"组 1","np":4,"cix":2,"bm":0,"ix":1,"mn":"ADBE Vector Group","hd":false}],"ip":0,"op":750,"st":0,"ct":1,"bm":0}],"markers":[],"props":{}}