{
    "endpoint":"WkZoTmRGcFhSbnBrUXpCNFRHMTRkbHA1TldoaVIydzFaRmMxYW1ONU5XcGlNakE5",
    "project":"V2xkR2VscFlWbnBoVnpWdFluYzlQUT09",
    "logstore":"WWtjNWJtTXpVblpqYlZabVlsZEdhbHBZUW5SWU1teDM=",
    "logstorex":"WWtjNWJtTXpVblpqYlZabVlsZEdhbHBZUW5SWU1qVjJZVmhCUFE9PQ==",
    "access_key_id":"VkVaU1FsTlZTa1ZUU0dSTlV6QjBNbU13WjNoUFVUMDk=",
    "access_key_secret":"V1d4T2QwOUdaRnBOUkVaT1dqTm9TbEZ1VGpGU2VrWktZMVJDYzAxWGFGTldhbVJoV1d0TmVRPT0=",
    "product_name":"MAC_EPM",
    "switch":"http://track.easeus.com/product/index.php?c=main&a=getstatus&pid=macepm"
}
