{
  "project_info": {
    "project_number": "939984782425",
    "project_id": "macepm",
    "storage_bucket": "macepm.appspot.com"
  },
  "client": [
    {
      "client_info": {
        "mobilesdk_app_id": "1:939984782425:android:525d6e12f507b6705a5d48",
        "android_client_info": {
          "package_name": "com.easeus.macepm"
        }
      },
      "oauth_client": [],
      "api_key": [
        {
          "current_key": "AIzaSyDKJIM55YFejO_5YQc4FOPWZ71aWoZaXmM"
        }
      ],
      "services": {
        "appinvite_service": {
          "other_platform_oauth_client": []
        }
      }
    }
  ],
  "configuration_version": "1"
}